<?xml version="1.0" encoding="utf-8"?>
<!--
	Rename this file to "ConEmu.xml" to enable portable mode.
	You may place "ConEmu.xml" file AFTER ConEmu starts,
	so You can save settings to xml, loaded from registry,
	and vice versa.
-->
<key name="Software">
	<key name="ConEmu">
		<!-- Main configuration (/config argument is not specified) -->
		<key name=".Vanilla" modified="2015-02-25 12:17:02" build="150224a">
			<value name="SingleInstance" type="hex" data="00"/>
			<value name="KeyboardHooks" type="hex" data="01"/>
			<value name="UseInjects" type="hex" data="01"/>
			<value name="Update.CheckOnStartup" type="hex" data="01"/>
			<value name="Update.CheckHourly" type="hex" data="00"/>
			<value name="Update.ConfirmDownload" type="hex" data="01"/>
			<value name="Update.UseBuilds" type="hex" data="02"/>
			<value name="FontUseDpi" type="hex" data="01"/>
			<value name="FontUseUnits" type="hex" data="01"/>
			<value name="FontSize" type="dword" data="0000000e"/>
			<value name="StatusFontHeight" type="dword" data="0000000c"/>
			<value name="TabFontHeight" type="dword" data="0000000d"/>
			<value name="StartType" type="hex" data="00"/>
			<value name="CmdLine" type="string" data=""/>
			<value name="StartTasksFile" type="string" data=""/>
			<value name="StartTasksName" type="string" data=""/>
			<value name="StartFarFolders" type="hex" data="00"/>
			<value name="StartFarEditors" type="hex" data="00"/>

			<!-- Console colors -->
			<value name="ColorTable00" type="dword" data="00362b00"/>
			<value name="ColorTable01" type="dword" data="00423607"/>
			<value name="ColorTable02" type="dword" data="00756e58"/>
			<value name="ColorTable03" type="dword" data="00837b65"/>
			<value name="ColorTable04" type="dword" data="00164bcb"/>
			<value name="ColorTable05" type="dword" data="00c4716c"/>
			<value name="ColorTable06" type="dword" data="00969483"/>
			<value name="ColorTable07" type="dword" data="00d5e8ee"/>
			<value name="ColorTable08" type="dword" data="00a1a193"/>
			<value name="ColorTable09" type="dword" data="00d28b26"/>
			<value name="ColorTable10" type="dword" data="00009985"/>
			<value name="ColorTable11" type="dword" data="0098a12a"/>
			<value name="ColorTable12" type="dword" data="002f32dc"/>
			<value name="ColorTable13" type="dword" data="008236d3"/>
			<value name="ColorTable14" type="dword" data="000089b5"/>
			<value name="ColorTable15" type="dword" data="00e3f6fd"/>
			<value name="ColorTable16" type="dword" data="00000000"/>
			<value name="ColorTable17" type="dword" data="00800000"/>
			<value name="ColorTable18" type="dword" data="00008000"/>
			<value name="ColorTable19" type="dword" data="00808000"/>
			<value name="ColorTable20" type="dword" data="00000080"/>
			<value name="ColorTable21" type="dword" data="00800080"/>
			<value name="ColorTable22" type="dword" data="00008080"/>
			<value name="ColorTable23" type="dword" data="00c0c0c0"/>
			<value name="ColorTable24" type="dword" data="00808080"/>
			<value name="ColorTable25" type="dword" data="00ff0000"/>
			<value name="ColorTable26" type="dword" data="0000ff00"/>
			<value name="ColorTable27" type="dword" data="00ffff00"/>
			<value name="ColorTable28" type="dword" data="000000ff"/>
			<value name="ColorTable29" type="dword" data="00ff00ff"/>
			<value name="ColorTable30" type="dword" data="0000ffff"/>
			<value name="ColorTable31" type="dword" data="00ffffff"/>

			<value name="ExtendColors" type="hex" data="00"/>
			<value name="ExtendColorIdx" type="hex" data="0e"/>
			<value name="TextColorIdx" type="hex" data="10"/>
			<value name="BackColorIdx" type="hex" data="10"/>
			<value name="PopTextColorIdx" type="hex" data="10"/>
			<value name="PopBackColorIdx" type="hex" data="10"/>
			<value name="ExtendFonts" type="hex" data="00"/>
			<value name="ExtendFontNormalIdx" type="hex" data="01"/>
			<value name="ExtendFontBoldIdx" type="hex" data="0c"/>
			<value name="ExtendFontItalicIdx" type="hex" data="0d"/>
			<value name="CursorTypeActive" type="dword" data="000232c1"/>
			<value name="CursorTypeInactive" type="dword" data="00823283"/>
			<value name="ClipboardDetectLineEnd" type="hex" data="01"/>
			<value name="ClipboardBashMargin" type="hex" data="00"/>
			<value name="ClipboardTrimTrailing" type="hex" data="02"/>
			<value name="ClipboardEOL" type="hex" data="00"/>
			<value name="ClipboardArrowStart" type="hex" data="01"/>
			<value name="ClipboardAllLines" type="hex" data="01"/>
			<value name="ClipboardFirstLine" type="hex" data="01"/>
			<value name="ClipboardClickPromptPosition" type="hex" data="02"/>
			<value name="ClipboardDeleteLeftWord" type="hex" data="02"/>
			<value name="TrueColorerSupport" type="hex" data="01"/>
			<value name="FadeInactive" type="hex" data="01"/>
			<value name="FadeInactiveLow" type="hex" data="00"/>
			<value name="FadeInactiveHigh" type="hex" data="d0"/>
			<value name="ConVisible" type="hex" data="00"/>

			<!-- Check or UnCheck "QuickEdit Mode" and "Insert mode" in real console window properties -->
			<!-- HIWORD - mask, LOWORD - flags for SetConsoleMode function -->
			<!-- FFFFFFFF - Defaults (Check), 00300000 - Uncheck -->
			<value name="ConInMode" type="dword" data="ffffffff"/>

			<value name="SetDefaultTerminal" type="hex" data="00"/>
			<value name="SetDefaultTerminalStartup" type="hex" data="00"/>
			<value name="SetDefaultTerminalStartupTSA" type="hex" data="00"/>
			<value name="DefaultTerminalAgressive" type="hex" data="01"/>
			<value name="DefaultTerminalNoInjects" type="hex" data="00"/>
			<value name="DefaultTerminalNewWindow" type="hex" data="00"/>
			<value name="DefaultTerminalConfirm" type="hex" data="01"/>
			<value name="DefaultTerminalApps" type="string" data="explorer.exe"/>
			<value name="ProcessAnsi" type="hex" data="01"/>
			<value name="AnsiLog" type="hex" data="00"/>
			<value name="AnsiLogPath" type="string" data="%ConEmuDir%\Logs\"/>
			<value name="ProcessNewConArg" type="hex" data="01"/>
			<value name="ProcessCmdStart" type="hex" data="01"/>
			<value name="ConsoleExceptionHandler" type="hex" data="00"/>
			<value name="UseClink" type="hex" data="01"/>
			<value name="StoreTaskbarkTasks" type="hex" data="00"/>
			<value name="StoreTaskbarCommands" type="hex" data="00"/>
			<value name="SaveCmdHistory" type="hex" data="01"/>
			<value name="CmdLineHistory" type="multi"/>
			<value name="ShowHelpTooltips" type="hex" data="01"/>
			<value name="Multi" type="hex" data="01"/>
			<value name="Multi.ShowButtons" type="hex" data="01"/>
			<value name="Multi.ShowSearch" type="hex" data="01"/>
			<value name="Multi.NumberInCaption" type="hex" data="00"/>
			<value name="Multi.CloseConfirmFlags" type="hex" data="04"/>
			<value name="Multi.NewConfirm" type="hex" data="00"/>
			<value name="Multi.DupConfirm" type="hex" data="01"/>
			<value name="Multi.DetachConfirm" type="hex" data="01"/>
			<value name="Multi.UseArrows" type="hex" data="00"/>
			<value name="Multi.UseNumbers" type="hex" data="01"/>
			<value name="Multi.UseWinTab" type="hex" data="00"/>
			<value name="Multi.AutoCreate" type="hex" data="00"/>
			<value name="Multi.LeaveOnClose" type="hex" data="00"/>
			<value name="Multi.HideOnClose" type="hex" data="00"/>
			<value name="Multi.MinByEsc" type="hex" data="02"/>
			<value name="MapShiftEscToEsc" type="hex" data="01"/>
			<value name="Multi.Iterate" type="hex" data="01"/>
			<value name="Multi.SplitWidth" type="hex" data="04"/>
			<value name="Multi.SplitHeight" type="hex" data="04"/>
			<value name="FontName" type="string" data="Consolas"/>
			<value name="FontName2" type="string" data="Consolas"/>
			<value name="FontAutoSize" type="hex" data="00"/>
			<value name="FontSizeX" type="dword" data="00000000"/>
			<value name="FontSizeX2" type="dword" data="00000000"/>
			<value name="FontSizeX3" type="dword" data="00000000"/>
			<value name="FontCharSet" type="hex" data="cc"/>
			<value name="Anti-aliasing" type="dword" data="00000006"/>
			<value name="FontBold" type="hex" data="00"/>
			<value name="FontItalic" type="hex" data="00"/>
			<value name="Monospace" type="hex" data="01"/>
			<value name="BackGround Image show" type="hex" data="00"/>
			<value name="BackGround Image" type="string" data="c:\back.bmp"/>
			<value name="bgImageDarker" type="hex" data="ff"/>
			<value name="bgImageColors" type="dword" data="ffffffff"/>
			<value name="bgOperation" type="hex" data="00"/>
			<value name="bgPluginAllowed" type="hex" data="01"/>
			<value name="AlphaValue" type="hex" data="ff"/>
			<value name="AlphaValueSeparate" type="hex" data="00"/>
			<value name="AlphaValueInactive" type="hex" data="ff"/>
			<value name="UserScreenTransparent" type="hex" data="00"/>
			<value name="ColorKeyTransparent" type="hex" data="00"/>
			<value name="ColorKeyValue" type="dword" data="00010101"/>
			<value name="UseCurrentSizePos" type="hex" data="01"/>
			<value name="WindowMode" type="dword" data="0000051f"/>
			<value name="ConWnd Width" type="dword" data="00000050"/>
			<value name="ConWnd Height" type="dword" data="00000019"/>
			<value name="Cascaded" type="hex" data="01"/>
			<value name="ConWnd X" type="dword" data="000000b8"/>
			<value name="ConWnd Y" type="dword" data="0000015b"/>
			<value name="16bit Height" type="dword" data="00000000"/>
			<value name="AutoSaveSizePos" type="hex" data="01"/>
			<value name="IntegralSize" type="hex" data="00"/>
			<value name="QuakeStyle" type="hex" data="00"/>
			<value name="QuakeAnimation" type="dword" data="0000012c"/>
			<value name="HideCaption" type="hex" data="00"/>
			<value name="HideChildCaption" type="hex" data="01"/>
			<value name="FocusInChildWindows" type="hex" data="01"/>
			<value name="HideCaptionAlways" type="hex" data="00"/>
			<value name="HideCaptionAlwaysFrame" type="hex" data="ff"/>
			<value name="HideCaptionAlwaysDelay" type="dword" data="000007d0"/>
			<value name="HideCaptionAlwaysDisappear" type="dword" data="000007d0"/>
			<value name="DownShowHiddenMessage" type="hex" data="00"/>
			<value name="ConsoleFontName" type="string" data="Lucida Console"/>
			<value name="ConsoleFontWidth" type="dword" data="00000003"/>
			<value name="ConsoleFontHeight" type="dword" data="00000005"/>
			<value name="DefaultBufferHeight" type="dword" data="000003e8"/>
			<value name="AutoBufferHeight" type="hex" data="01"/>
			<value name="UseScrollLock" type="hex" data="01"/>
			<value name="CmdOutputCP" type="dword" data="00000000"/>
			<value name="ComSpec.Type" type="hex" data="00"/>
			<value name="ComSpec.Bits" type="hex" data="00"/>
			<value name="ComSpec.UpdateEnv" type="hex" data="00"/>
			<value name="ComSpec.EnvAddPath" type="hex" data="01"/>
			<value name="ComSpec.EnvAddExePath" type="hex" data="01"/>
			<value name="ComSpec.UncPaths" type="hex" data="01"/>
			<value name="ComSpec.Path" type="string" data=""/>
			<value name="CTS.Intelligent" type="hex" data="01"/>
			<value name="CTS.IntelligentExceptions" type="string" data="far|vim.exe"/>
			<value name="CTS.AutoCopy" type="hex" data="01"/>
			<value name="CTS.IBeam" type="hex" data="01"/>
			<value name="CTS.EndOnTyping" type="hex" data="00"/>
			<value name="CTS.EndOnKeyPress" type="hex" data="00"/>
			<value name="CTS.Freeze" type="hex" data="00"/>
			<value name="CTS.SelectBlock" type="hex" data="01"/>
			<value name="CTS.SelectText" type="hex" data="01"/>
			<value name="CTS.HtmlFormat" type="hex" data="00"/>
			<value name="CTS.ForceLocale" type="dword" data="00000000"/>
			<value name="CTS.ActMode" type="hex" data="02"/>
			<value name="CTS.RBtnAction" type="hex" data="03"/>
			<value name="CTS.MBtnAction" type="hex" data="00"/>
			<value name="CTS.ColorIndex" type="hex" data="e0"/>
			<value name="ClipboardConfirmEnter" type="hex" data="01"/>
			<value name="ClipboardConfirmLonger" type="dword" data="000000c8"/>
			<value name="FarGotoEditorOpt" type="hex" data="01"/>
			<value name="FarGotoEditorPath" type="string" data="far.exe /e%1:%2 &quot;%3&quot;"/>
			<value name="HighlightMouseRow" type="hex" data="00"/>
			<value name="HighlightMouseCol" type="hex" data="00"/>
			<value name="FixFarBorders" type="hex" data="01"/>
			<value name="FixFarBordersRanges" type="string" data="2013-25C4;"/>
			<value name="ExtendUCharMap" type="hex" data="01"/>
			<value name="EnhanceGraphics" type="hex" data="01"/>
			<value name="EnhanceButtons" type="hex" data="00"/>
			<value name="PartBrush75" type="hex" data="c8"/>
			<value name="PartBrush50" type="hex" data="96"/>
			<value name="PartBrush25" type="hex" data="5a"/>
			<value name="PartBrushBlack" type="hex" data="20"/>
			<value name="RightClick opens context menu" type="hex" data="02"/>
			<value name="RightClickMacro2" type="string" data=""/>
			<value name="SendAltTab" type="hex" data="00"/>
			<value name="SendAltEsc" type="hex" data="00"/>
			<value name="SendAltPrintScrn" type="hex" data="00"/>
			<value name="SendPrintScrn" type="hex" data="00"/>
			<value name="SendCtrlEsc" type="hex" data="00"/>
			<value name="Min2Tray" type="hex" data="00"/>
			<value name="AlwaysShowTrayIcon" type="hex" data="00"/>
			<value name="SafeFarClose" type="hex" data="01"/>
			<value name="SafeFarCloseMacro" type="string" data=""/>
			<value name="FARuseASCIIsort" type="hex" data="00"/>
			<value name="ShellNoZoneCheck" type="hex" data="00"/>
			<value name="FixAltOnAltTab" type="hex" data="00"/>
			<value name="DisableMouse" type="hex" data="00"/>
			<value name="RSelectionFix" type="hex" data="01"/>
			<value name="MouseSkipActivation" type="hex" data="01"/>
			<value name="MouseSkipMoving" type="hex" data="01"/>
			<value name="FarHourglass" type="hex" data="01"/>
			<value name="FarHourglassDelay" type="dword" data="000001f4"/>
			<value name="Dnd" type="hex" data="01"/>
			<value name="DndDrop" type="hex" data="01"/>
			<value name="DefCopy" type="hex" data="01"/>
			<value name="DropUseMenu" type="hex" data="02"/>
			<value name="DragOverlay" type="hex" data="01"/>
			<value name="DragShowIcons" type="hex" data="01"/>
			<value name="DebugSteps" type="hex" data="01"/>
			<value name="DragPanel" type="hex" data="02"/>
			<value name="DragPanelBothEdges" type="hex" data="00"/>
			<value name="KeyBarRClick" type="hex" data="01"/>
			<value name="StatusBar.Show" type="hex" data="01"/>
			<value name="StatusBar.Flags" type="dword" data="00000002"/>
			<value name="StatusFontFace" type="string" data="Segoe UI"/>
			<value name="StatusFontCharSet" type="dword" data="00000000"/>
			<value name="StatusBar.Color.Back" type="dword" data="00423607"/>
			<value name="StatusBar.Color.Light" type="dword" data="00e3f6fd"/>
			<value name="StatusBar.Color.Dark" type="dword" data="00a1a193"/>
			<value name="StatusBar.Hide.VCon" type="hex" data="00"/>
			<value name="StatusBar.Hide.CapsL" type="hex" data="00"/>
			<value name="StatusBar.Hide.NumL" type="hex" data="00"/>
			<value name="StatusBar.Hide.ScrL" type="hex" data="00"/>
			<value name="StatusBar.Hide.VisL" type="hex" data="01"/>
			<value name="StatusBar.Hide.Lang" type="hex" data="01"/>
			<value name="StatusBar.Hide.KeyHooks" type="hex" data="01"/>
			<value name="StatusBar.Hide.WPos" type="hex" data="01"/>
			<value name="StatusBar.Hide.WSize" type="hex" data="01"/>
			<value name="StatusBar.Hide.WClient" type="hex" data="01"/>
			<value name="StatusBar.Hide.WWork" type="hex" data="01"/>
			<value name="StatusBar.Hide.WVBack" type="hex" data="01"/>
			<value name="StatusBar.Hide.WVDC" type="hex" data="01"/>
			<value name="StatusBar.Hide.Style" type="hex" data="01"/>
			<value name="StatusBar.Hide.StyleEx" type="hex" data="01"/>
			<value name="StatusBar.Hide.hFore" type="hex" data="01"/>
			<value name="StatusBar.Hide.hFocus" type="hex" data="01"/>
			<value name="StatusBar.Hide.Zoom" type="hex" data="01"/>
			<value name="StatusBar.Hide.Dpi" type="hex" data="01"/>
			<value name="StatusBar.Hide.ABuf" type="hex" data="00"/>
			<value name="StatusBar.Hide.CPos" type="hex" data="00"/>
			<value name="StatusBar.Hide.CSize" type="hex" data="01"/>
			<value name="StatusBar.Hide.BSize" type="hex" data="00"/>
			<value name="StatusBar.Hide.CurX" type="hex" data="01"/>
			<value name="StatusBar.Hide.CurY" type="hex" data="01"/>
			<value name="StatusBar.Hide.CurS" type="hex" data="01"/>
			<value name="StatusBar.Hide.CurI" type="hex" data="00"/>
			<value name="StatusBar.Hide.ConEmuPID" type="hex" data="01"/>
			<value name="StatusBar.Hide.ConEmuHWND" type="hex" data="01"/>
			<value name="StatusBar.Hide.ConEmuView" type="hex" data="01"/>
			<value name="StatusBar.Hide.Srv" type="hex" data="00"/>
			<value name="StatusBar.Hide.SrvHWND" type="hex" data="01"/>
			<value name="StatusBar.Hide.Transparency" type="hex" data="00"/>
			<value name="StatusBar.Hide.New" type="hex" data="00"/>
			<value name="StatusBar.Hide.Sync" type="hex" data="00"/>
			<value name="StatusBar.Hide.Proc" type="hex" data="00"/>
			<value name="StatusBar.Hide.Title" type="hex" data="01"/>
			<value name="StatusBar.Hide.Time" type="hex" data="01"/>
			<value name="StatusBar.Hide.Resize" type="hex" data="00"/>
			<value name="Tabs" type="hex" data="01"/>
			<value name="TabsLocation" type="hex" data="00"/>
			<value name="TabIcons" type="hex" data="01"/>
			<value name="OneTabPerGroup" type="hex" data="00"/>
			<value name="ActivateSplitMouseOver" type="hex" data="01"/>
			<value name="TabSelf" type="hex" data="01"/>
			<value name="TabLazy" type="hex" data="01"/>
			<value name="TabFlashChanged" type="dword" data="00000008"/>
			<value name="TabRecent" type="hex" data="01"/>
			<value name="TabDblClick" type="dword" data="00000001"/>
			<value name="TabBtnDblClick" type="dword" data="00000000"/>
			<value name="TabsOnTaskBar" type="hex" data="02"/>
			<value name="TaskBarOverlay" type="hex" data="01"/>
			<value name="TaskbarProgress" type="hex" data="01"/>
			<value name="TabCloseMacro" type="string" data=""/>
			<value name="TabFontFace" type="string" data="Segoe UI"/>
			<value name="TabFontCharSet" type="dword" data="00000000"/>
			<value name="SaveAllEditors" type="string" data=""/>
			<value name="ToolbarAddSpace" type="dword" data="00000000"/>
			<value name="TabConsole" type="string" data="&lt;%c&gt; %s"/>
			<value name="TabModifiedSuffix" type="string" data="[*]"/>
			<value name="TabSkipWords" type="string" data="Administrator:|Администратор:"/>
			<value name="TabPanels" type="string" data="&lt;%c&gt; %s"/>
			<value name="TabEditor" type="string" data="&lt;%c.%i&gt;{%s}"/>
			<value name="TabEditorModified" type="string" data="&lt;%c.%i&gt;[%s] *"/>
			<value name="TabViewer" type="string" data="&lt;%c.%i&gt;[%s]"/>
			<value name="TabLenMax" type="dword" data="00000014"/>
			<value name="AdminTitleSuffix" type="string" data=" (Admin)"/>
			<value name="AdminShowShield" type="hex" data="01"/>
			<value name="HideInactiveConsoleTabs" type="hex" data="00"/>
			<value name="ShowFarWindows" type="hex" data="01"/>
			<value name="TryToCenter" type="hex" data="00"/>
			<value name="CenterConsolePad" type="dword" data="00000000"/>
			<value name="ShowScrollbar" type="hex" data="02"/>
			<value name="ScrollBarAppearDelay" type="dword" data="00000064"/>
			<value name="ScrollBarDisappearDelay" type="dword" data="000003e8"/>
			<value name="IconID" type="dword" data="00000001"/>
			<value name="MainTimerElapse" type="dword" data="0000000a"/>
			<value name="MainTimerInactiveElapse" type="dword" data="000003e8"/>
			<value name="AffinityMask" type="dword" data="00000000"/>
			<value name="SkipFocusEvents" type="hex" data="00"/>
			<value name="MonitorConsoleLang" type="hex" data="03"/>
			<value name="DesktopMode" type="hex" data="00"/>
			<value name="SnapToDesktopEdges" type="hex" data="00"/>
			<value name="AlwaysOnTop" type="hex" data="00"/>
			<value name="SleepInBackground" type="hex" data="00"/>
			<value name="RetardInactivePanes" type="hex" data="00"/>
			<value name="MinimizeOnLoseFocus" type="hex" data="00"/>
			<value name="DisableFarFlashing" type="hex" data="00"/>
			<value name="DisableAllFlashing" type="hex" data="00"/>
			<value name="FindText" type="string" data=""/>
			<value name="FindMatchCase" type="hex" data="00"/>
			<value name="FindMatchWholeWords" type="hex" data="00"/>
			<value name="FindTransparent" type="hex" data="01"/>
			<value name="PanView.BackColor" type="dword" data="30ffffff"/>
			<value name="PanView.PFrame" type="dword" data="00000001"/>
			<value name="PanView.PFrameColor" type="dword" data="28808080"/>
			<value name="PanView.SFrame" type="dword" data="00000001"/>
			<value name="PanView.SFrameColor" type="dword" data="07c0c0c0"/>
			<value name="PanView.Thumbs.ImgSize" type="dword" data="00000060"/>
			<value name="PanView.Thumbs.SpaceX1" type="dword" data="00000001"/>
			<value name="PanView.Thumbs.SpaceY1" type="dword" data="00000001"/>
			<value name="PanView.Thumbs.SpaceX2" type="dword" data="00000005"/>
			<value name="PanView.Thumbs.SpaceY2" type="dword" data="00000014"/>
			<value name="PanView.Thumbs.LabelSpacing" type="dword" data="00000002"/>
			<value name="PanView.Thumbs.LabelPadding" type="dword" data="00000000"/>
			<value name="PanView.Thumbs.FontName" type="string" data="Segoe UI"/>
			<value name="PanView.Thumbs.FontHeight" type="dword" data="0000000e"/>
			<value name="PanView.Tiles.ImgSize" type="dword" data="00000030"/>
			<value name="PanView.Tiles.SpaceX1" type="dword" data="00000004"/>
			<value name="PanView.Tiles.SpaceY1" type="dword" data="00000004"/>
			<value name="PanView.Tiles.SpaceX2" type="dword" data="000000ac"/>
			<value name="PanView.Tiles.SpaceY2" type="dword" data="00000004"/>
			<value name="PanView.Tiles.LabelSpacing" type="dword" data="00000004"/>
			<value name="PanView.Tiles.LabelPadding" type="dword" data="00000001"/>
			<value name="PanView.Tiles.FontName" type="string" data="Segoe UI"/>
			<value name="PanView.Tiles.FontHeight" type="dword" data="0000000e"/>
			<value name="PanView.LoadPreviews" type="hex" data="03"/>
			<value name="PanView.LoadFolders" type="hex" data="01"/>
			<value name="PanView.LoadTimeout" type="dword" data="0000000f"/>
			<value name="PanView.MaxZoom" type="dword" data="00000258"/>
			<value name="PanView.UsePicView2" type="hex" data="01"/>
			<value name="PanView.RestoreOnStartup" type="hex" data="00"/>
			<value name="Update.VerLocation" type="string" data=""/>
			<value name="Update.UseProxy" type="hex" data="00"/>
			<value name="Update.Proxy" type="string" data=""/>
			<value name="Update.ProxyUser" type="string" data=""/>
			<value name="Update.ProxyPassword" type="string" data=""/>
			<value name="Update.ExeCmdLine" type="string" data=""/>
			<value name="Update.ArcCmdLine" type="string" data=""/>
			<value name="Update.DownloadPath" type="string" data="%TEMP%\ConEmu"/>
			<value name="Update.LeavePackages" type="hex" data="00"/>
			<value name="Update.PostUpdateCmd" type="string" data="echo Last successful update&gt;ConEmuUpdate.info &amp;&amp; date /t&gt;&gt;ConEmuUpdate.info &amp;&amp; time /t&gt;&gt;ConEmuUpdate.info"/>
			<value name="Multi.Modifier" type="dword" data="0000005b"/>
			<value name="Multi.ArrowsModifier" type="dword" data="0000005b"/>
			<value name="KeyMacroVersion" type="hex" data="02"/>
			<value name="MinimizeRestore" type="dword" data="000011c0"/>
			<value name="MinimizeRestore2" type="dword" data="00000000"/>
			<value name="GlobalRestore" type="dword" data="00000000"/>
			<value name="ForcedFullScreen" type="dword" data="12115b0d"/>
			<value name="SwitchGuiFocus" type="dword" data="00005b5a"/>
			<value name="SetFocusGui" type="dword" data="00000000"/>
			<value name="SetFocusChild" type="dword" data="00000000"/>
			<value name="ChildSystemMenu" type="dword" data="00000000"/>
			<value name="Multi.NewConsole" type="dword" data="00005b57"/>
			<value name="Multi.NewConsoleShift" type="dword" data="00105b57"/>
			<value name="Multi.CmdKey" type="dword" data="00005b58"/>
			<value name="Multi.NewWindow" type="dword" data="00000000"/>
			<value name="Multi.NewConsolePopup" type="dword" data="00005b4e"/>
			<value name="Multi.NewConsolePopup2" type="dword" data="00000000"/>
			<value name="Multi.NewAttach" type="dword" data="00005b47"/>
			<value name="Multi.NewSplitV" type="dword" data="0010114f"/>
			<value name="Multi.NewSplitH" type="dword" data="00101145"/>
			<value name="Multi.SplitMaximize" type="dword" data="00005d0d"/>
			<value name="Multi.SplitSizeVU" type="dword" data="00105d26"/>
			<value name="Multi.SplitSizeVD" type="dword" data="00105d28"/>
			<value name="Multi.SplitSizeHL" type="dword" data="00105d25"/>
			<value name="Multi.SplitSizeHR" type="dword" data="00105d27"/>
			<value name="Key.TabPane1" type="dword" data="00005d09"/>
			<value name="Key.TabPane2" type="dword" data="00105d09"/>
			<value name="Multi.SplitFocusU" type="dword" data="00005d26"/>
			<value name="Multi.SplitFocusD" type="dword" data="00005d28"/>
			<value name="Multi.SplitFocusL" type="dword" data="00005d25"/>
			<value name="Multi.SplitFocusR" type="dword" data="00005d27"/>
			<value name="Multi.Next" type="dword" data="00005b51"/>
			<value name="Multi.NextShift" type="dword" data="00105b51"/>
			<value name="Multi.Recreate" type="dword" data="00005bc0"/>
			<value name="Multi.AltCon" type="dword" data="00005b41"/>
			<value name="Multi.Pause" type="dword" data="80808013"/>
			<value name="Multi.Scroll" type="dword" data="00000000"/>
			<value name="Multi.GroupInput" type="dword" data="00005d47"/>
			<value name="Multi.Close" type="dword" data="00005b2e"/>
			<value name="CloseTabKey" type="dword" data="00125b2e"/>
			<value name="CloseGroupKey" type="dword" data="00115b2e"/>
			<value name="CloseGroupPrcKey" type="dword" data="00000000"/>
			<value name="CloseAllConKey" type="dword" data="00000000"/>
			<value name="CloseZombiesKey" type="dword" data="00000000"/>
			<value name="CloseExceptConKey" type="dword" data="00000000"/>
			<value name="KillProcessKey" type="dword" data="00000000"/>
			<value name="KillAllButShellKey" type="dword" data="00105b2e"/>
			<value name="DuplicateRootKey" type="dword" data="00005b53"/>
			<value name="CloseConEmuKey" type="dword" data="00005b73"/>
			<value name="Multi.Rename" type="dword" data="00005d52"/>
			<value name="AffinityPriorityKey" type="dword" data="00005d41"/>
			<value name="Multi.MoveLeft" type="dword" data="00125b25"/>
			<value name="Multi.MoveRight" type="dword" data="00125b27"/>
			<value name="CTS.VkBlockStart" type="dword" data="00000000"/>
			<value name="CTS.VkTextStart" type="dword" data="00000000"/>
			<value name="CTS.VkCopyFmt0" type="dword" data="00001143"/>
			<value name="CTS.VkCopyFmt1" type="dword" data="00101143"/>
			<value name="CTS.VkCopyFmt2" type="dword" data="00000000"/>
			<value name="CTS.VkCopyAll" type="dword" data="00000000"/>
			<value name="HighlightMouseSwitch" type="dword" data="00005d4c"/>
			<value name="HighlightMouseSwitchX" type="dword" data="00005d58"/>
			<value name="Multi.ShowTabsList" type="dword" data="00000000"/>
			<value name="Multi.ShowTabsList2" type="dword" data="00005d7b"/>
			<value name="ClipboardVkAllLines" type="dword" data="0000102d"/>
			<value name="ClipboardVkFirstLine" type="dword" data="00001156"/>
			<value name="DeleteWordToLeft" type="dword" data="00001108"/>
			<value name="FindTextKey" type="dword" data="00005d46"/>
			<value name="ScreenshotKey" type="dword" data="00005b48"/>
			<value name="ScreenshotFullKey" type="dword" data="00105b48"/>
			<value name="ShowStatusBarKey" type="dword" data="00005d53"/>
			<value name="ShowTabBarKey" type="dword" data="00005d54"/>
			<value name="ShowCaptionKey" type="dword" data="00005d43"/>
			<value name="AlwaysOnTopKey" type="dword" data="00000000"/>
			<value name="TransparencyInc" type="dword" data="00000000"/>
			<value name="TransparencyDec" type="dword" data="00000000"/>
			<value name="Key.TabMenu" type="dword" data="00005d20"/>
			<value name="Key.TabMenu2" type="dword" data="00001002"/>
			<value name="Key.Maximize" type="dword" data="00001278"/>
			<value name="Key.MaximizeWidth" type="dword" data="00105b28"/>
			<value name="Key.MaximizeHeight" type="dword" data="00105b26"/>
			<value name="Key.TileToLeft" type="dword" data="00005b25"/>
			<value name="Key.TileToRight" type="dword" data="00005b27"/>
			<value name="Key.JumpPrevMonitor" type="dword" data="00105b25"/>
			<value name="Key.JumpNextMonitor" type="dword" data="00105b27"/>
			<value name="Key.FullScreen" type="dword" data="0000120d"/>
			<value name="Key.SysMenu" type="dword" data="00001220"/>
			<value name="Key.SysMenu2" type="dword" data="00001102"/>
			<value name="Key.BufUp" type="dword" data="00001126"/>
			<value name="Key.BufDn" type="dword" data="00001128"/>
			<value name="Key.BufPgUp" type="dword" data="00001121"/>
			<value name="Key.BufPgDn" type="dword" data="00001122"/>
			<value name="Key.BufHfPgUp" type="dword" data="00005d21"/>
			<value name="Key.BufHfPgDn" type="dword" data="00005d22"/>
			<value name="Key.BufTop" type="dword" data="00005d24"/>
			<value name="Key.BufBottom" type="dword" data="00005d23"/>
			<value name="Key.BufCursor" type="dword" data="00005d08"/>
			<value name="FontLargerKey" type="dword" data="000011d0"/>
			<value name="FontSmallerKey" type="dword" data="000011d1"/>
			<value name="FontOriginalKey" type="dword" data="00001104"/>
			<value name="PasteFileKey" type="dword" data="00101146"/>
			<value name="PastePathKey" type="dword" data="00101144"/>
			<value name="PasteCygwinKey" type="dword" data="00005d2d"/>
			<value name="KeyMacro01" type="dword" data="00000000"/>
			<value name="KeyMacro01.Text" type="string" data=""/>
			<value name="KeyMacro02" type="dword" data="00000000"/>
			<value name="KeyMacro02.Text" type="string" data=""/>
			<value name="KeyMacro03" type="dword" data="00000000"/>
			<value name="KeyMacro03.Text" type="string" data=""/>
			<value name="KeyMacro04" type="dword" data="00000000"/>
			<value name="KeyMacro04.Text" type="string" data=""/>
			<value name="KeyMacro05" type="dword" data="00000000"/>
			<value name="KeyMacro05.Text" type="string" data=""/>
			<value name="KeyMacro06" type="dword" data="00000000"/>
			<value name="KeyMacro06.Text" type="string" data=""/>
			<value name="KeyMacro07" type="dword" data="00000000"/>
			<value name="KeyMacro07.Text" type="string" data=""/>
			<value name="KeyMacro08" type="dword" data="00000000"/>
			<value name="KeyMacro08.Text" type="string" data=""/>
			<value name="KeyMacro09" type="dword" data="00000000"/>
			<value name="KeyMacro09.Text" type="string" data=""/>
			<value name="KeyMacro10" type="dword" data="00000000"/>
			<value name="KeyMacro10.Text" type="string" data=""/>
			<value name="KeyMacro11" type="dword" data="00000000"/>
			<value name="KeyMacro11.Text" type="string" data=""/>
			<value name="KeyMacro12" type="dword" data="00000000"/>
			<value name="KeyMacro12.Text" type="string" data=""/>
			<value name="KeyMacro13" type="dword" data="00000000"/>
			<value name="KeyMacro13.Text" type="string" data=""/>
			<value name="KeyMacro14" type="dword" data="00000000"/>
			<value name="KeyMacro14.Text" type="string" data=""/>
			<value name="KeyMacro15" type="dword" data="00000000"/>
			<value name="KeyMacro15.Text" type="string" data=""/>
			<value name="KeyMacro16" type="dword" data="00000000"/>
			<value name="KeyMacro16.Text" type="string" data=""/>
			<value name="KeyMacro17" type="dword" data="00000000"/>
			<value name="KeyMacro17.Text" type="string" data=""/>
			<value name="KeyMacro18" type="dword" data="00000000"/>
			<value name="KeyMacro18.Text" type="string" data=""/>
			<value name="KeyMacro19" type="dword" data="00000000"/>
			<value name="KeyMacro19.Text" type="string" data=""/>
			<value name="KeyMacro20" type="dword" data="00000000"/>
			<value name="KeyMacro20.Text" type="string" data=""/>
			<value name="KeyMacro21" type="dword" data="00000000"/>
			<value name="KeyMacro21.Text" type="string" data=""/>
			<value name="KeyMacro22" type="dword" data="00000000"/>
			<value name="KeyMacro22.Text" type="string" data=""/>
			<value name="KeyMacro23" type="dword" data="00000000"/>
			<value name="KeyMacro23.Text" type="string" data=""/>
			<value name="KeyMacro24" type="dword" data="00000000"/>
			<value name="KeyMacro24.Text" type="string" data=""/>
			<value name="KeyMacro25" type="dword" data="00000000"/>
			<value name="KeyMacro25.Text" type="string" data=""/>
			<value name="KeyMacro26" type="dword" data="00000000"/>
			<value name="KeyMacro26.Text" type="string" data=""/>
			<value name="KeyMacro27" type="dword" data="00000000"/>
			<value name="KeyMacro27.Text" type="string" data=""/>
			<value name="KeyMacro28" type="dword" data="00000000"/>
			<value name="KeyMacro28.Text" type="string" data=""/>
			<value name="KeyMacro29" type="dword" data="00000000"/>
			<value name="KeyMacro29.Text" type="string" data=""/>
			<value name="KeyMacro30" type="dword" data="00000000"/>
			<value name="KeyMacro30.Text" type="string" data=""/>
			<value name="KeyMacro31" type="dword" data="00000000"/>
			<value name="KeyMacro31.Text" type="string" data=""/>
			<value name="KeyMacro32" type="dword" data="00000000"/>
			<value name="KeyMacro32.Text" type="string" data=""/>
			<value name="CTS.VkBlock" type="hex" data="a4"/>
			<value name="CTS.VkText" type="hex" data="a0"/>
			<value name="CTS.VkAct" type="hex" data="00"/>
			<value name="CTS.VkPrompt" type="hex" data="00"/>
			<value name="FarGotoEditorVk" type="hex" data="a2"/>
			<value name="DndLKey" type="hex" data="00"/>
			<value name="DndRKey" type="hex" data="a2"/>
			<value name="WndDragKey" type="dword" data="00121101"/>
			<key name="Tasks" modified="2015-02-25 12:17:02" build="150224a">
				<value name="Count" type="dword" data="00000000"/>
			</key>
			<key name="Apps" modified="2015-02-25 12:17:02" build="150224a">
				<value name="Count" type="dword" data="00000000"/>
			</key>
			<key name="Colors" modified="2015-02-25 12:17:02" build="150224a">
				<value name="Count" type="dword" data="00000000"/>
			</key>
		</key>

		<!-- Named configurations (choosed by /config argument) are placed in subkeys -->
		<!--
		<key name="test">
			<value name="TabMargins" type="hex" data="00,00,00,00,19,00,00,00,00,00,00,00,00,00,00,00"/>
			<value name="CmdLineHistory" type="multi"><line data="cmd"/><line data="telnet"/></value>
		</key>
		-->
	</key>
</key>
